Workbook

Sheet Dashboard
A1: LLM TRAINING • INTERVIEW PREP DASHBOARD
A3: 6-week plan | Change the start date in B5 | Track tasks daily in Daily Tracker
A5: START DATE → | B5: 46309 | D5: TARGET ROLE | E5: LLM Post-training / Domain Model Engineer • Agentic RL (secondary)
A8: OVERALL COMPLETION | C8: FINISHED DAYS | E8: STUDY HOURS LOGGED | G8: TASKS DONE | I8: AVG CONFIDENCE
A9: =SUM('Daily Tracker'!M5:M46)/42 -> #NAME? | C9: =COUNTIF('Daily Tracker'!N5:N46,"Completed") -> 0 | E9: =SUM('Daily Tracker'!P5:P46)/60 -> 0 | G9: =COUNTIF('Daily Tracker'!I5:L46,"Done") -> 4 | I9: =IFERROR(AVERAGE('Daily Tracker'!Q5:Q46),0) -> 0
A13: WEEK | B13: MAIN FOCUS | C13: PLANNED HOURS | D13: HOURS LOGGED | E13: COMPLETION | F13: DAYS FINISHED | G13: MAIN DELIVERABLE | H13: HOW TO USE
A14: 1 | B14: LLM training fundamentals | C14: =SUMIF('Daily Tracker'!$B$5:$B$46,A14,'Daily Tracker'!$O$5:$O$46)/60 -> 12 | D14: =SUMIF('Daily Tracker'!$B$5:$B$46,A14,'Daily Tracker'!$P$5:$P$46)/60 -> 0 | E14: =SUMIF('Daily Tracker'!$B$5:$B$46,A14,'Daily Tracker'!$M$5:$M$46)/7 -> #NAME? | F14: =COUNTIFS('Daily Tracker'!$B$5:$B$46,A14,'Daily Tracker'!$N$5:$N$46,"Completed") -> 0 | G14: Explain Transformer and implement SFT baseline | H14: 1 Change the yellow start-date cell above.
A15: 2 | B15: Domain adaptation and data | C15: =SUMIF('Daily Tracker'!$B$5:$B$46,A15,'Daily Tracker'!$O$5:$O$46)/60 -> 12 | D15: =SUMIF('Daily Tracker'!$B$5:$B$46,A15,'Daily Tracker'!$P$5:$P$46)/60 -> 0 | E15: =SUMIF('Daily Tracker'!$B$5:$B$46,A15,'Daily Tracker'!$M$5:$M$46)/7 -> 0 | F15: =COUNTIFS('Daily Tracker'!$B$5:$B$46,A15,'Daily Tracker'!$N$5:$N$46,"Completed") -> 0 | G15: Financial training pipeline + design mock
A16: 3 | B16: Preference optimization | C16: =SUMIF('Daily Tracker'!$B$5:$B$46,A16,'Daily Tracker'!$O$5:$O$46)/60 -> 12 | D16: =SUMIF('Daily Tracker'!$B$5:$B$46,A16,'Daily Tracker'!$P$5:$P$46)/60 -> 0 | E16: =SUMIF('Daily Tracker'!$B$5:$B$46,A16,'Daily Tracker'!$M$5:$M$46)/7 -> 0 | F16: =COUNTIFS('Daily Tracker'!$B$5:$B$46,A16,'Daily Tracker'!$N$5:$N$46,"Completed") -> 0 | G16: Preference method comparison + small experiment | H16: 2 In Daily Tracker, mark each task Done.
A17: 4 | B17: Training engineering | C17: =SUMIF('Daily Tracker'!$B$5:$B$46,A17,'Daily Tracker'!$O$5:$O$46)/60 -> 12 | D17: =SUMIF('Daily Tracker'!$B$5:$B$46,A17,'Daily Tracker'!$P$5:$P$46)/60 -> 0 | E17: =SUMIF('Daily Tracker'!$B$5:$B$46,A17,'Daily Tracker'!$M$5:$M$46)/7 -> 0 | F17: =COUNTIFS('Daily Tracker'!$B$5:$B$46,A17,'Daily Tracker'!$N$5:$N$46,"Completed") -> 0 | G17: Memory, throughput and debugging playbook
A18: 5 | B18: Evaluation and research judgment | C18: =SUMIF('Daily Tracker'!$B$5:$B$46,A18,'Daily Tracker'!$O$5:$O$46)/60 -> 12 | D18: =SUMIF('Daily Tracker'!$B$5:$B$46,A18,'Daily Tracker'!$P$5:$P$46)/60 -> 0 | E18: =SUMIF('Daily Tracker'!$B$5:$B$46,A18,'Daily Tracker'!$M$5:$M$46)/7 -> 0 | F18: =COUNTIFS('Daily Tracker'!$B$5:$B$46,A18,'Daily Tracker'!$N$5:$N$46,"Completed") -> 0 | G18: Evaluation research memo and ablations | H18: 3 Log minutes, confidence and interview feedback.
A19: 6 | B19: Full mock interview intensive | C19: =SUMIF('Daily Tracker'!$B$5:$B$46,A19,'Daily Tracker'!$O$5:$O$46)/60 -> 12.166667 | D19: =SUMIF('Daily Tracker'!$B$5:$B$46,A19,'Daily Tracker'!$P$5:$P$46)/60 -> 0 | E19: =SUMIF('Daily Tracker'!$B$5:$B$46,A19,'Daily Tracker'!$M$5:$M$46)/7 -> 0 | F19: =COUNTIFS('Daily Tracker'!$B$5:$B$46,A19,'Daily Tracker'!$N$5:$N$46,"Completed") -> 0 | G19: Full mock interview + prioritized next steps
H20: 4 Use weekly completion to plan your next sessions.
A21: Your starting point: ML/AI engineer or researcher with some fine-tuning experience. Priority: post-training + domain LLM design; explore agentic RL after core skills.
H24: Score mock interviews in Mock Interview Log and update your confidence in Skill Checklist after each practice session.
H28: Confidence scale: 0 = new, 1 = can define, 2 = can apply, 3 = can defend, 4 = can teach.

Sheet Daily Tracker
A1: 42-DAY • DAILY PRACTICE TRACKER
A3: Mark each of the four check-ins Done • Log actual minutes and confidence • Dates follow Dashboard!B5
A4: DAY | B4: WEEK | C4: DATE | D4: FOCUS | E4: 1 • LEARN / READ | F4: 2 • BUILD / PRACTICE | G4: 3 • INTERVIEW DRILL | H4: 4 • REVIEW / NOTES | I4: LEARN STATUS | J4: BUILD STATUS | K4: DRILL STATUS | L4: REVIEW STATUS | M4: DAILY PROGRESS | N4: DAY STATUS | O4: PLANNED MIN | P4: ACTUAL MIN | Q4: CONFIDENCE 1–5 | R4: NOTES / BLOCKERS
A5: 1 | B5: 1 | C5: =Dashboard!$B$5+A5-1 -> 46309 | D5: Attention and causal masking | E5: Derive QKᵀ/√d and masking; review attention shapes | F5: Write a minimal causal attention forward pass | G5: Explain why attention is scaled and masked | H5: Record the derivation and one failure case | I5: Done | J5: Done | K5: Done | L5: Done | M5: {=L5COUNTIF(I5:L5,"Done")/4} -> #NAME? | N5: Not started | O5: 110
A6: 2 | B6: 1 | C6: =Dashboard!$B$5+A6-1 -> 46310 | D6: Tokenization and RoPE | E6: Review token IDs, embeddings, and RoPE intuition | F6: Inspect tokenizer behavior on finance terms; test long inputs | G6: Compare absolute embeddings and RoPE | H6: List two tokenization risks in domain tasks | I6: Not started | J6: Not started | K6: Not started | L6: Not started | M6: =COUNTIF(I6:L6,"Done")/4 -> 0 | N6: =IF(M6=1,"Completed",IF(M6>0,"In progress","Not started")) -> Not started | O6: 110
A7: 3 | B7: 1 | C7: =Dashboard!$B$5+A7-1 -> 46311 | D7: Losses and label masking | E7: Review next-token CE, chat templates, response-only masking | F7: Inspect SFT batch labels, padding, and loss masks | G7: Explain prompt tokens vs answer tokens in SFT loss | H7: Document two masking bugs and tests | I7: Not started | J7: Not started | K7: Not started | L7: Not started | M7: =COUNTIF(I7:L7,"Done")/4 -> 0 | N7: =IF(M7=1,"Completed",IF(M7>0,"In progress","Not started")) -> Not started | O7: 110
A8: 4 | B8: 1 | C8: =Dashboard!$B$5+A8-1 -> 46312 | D8: LoRA and QLoRA | E8: Review low-rank adapters, target modules, 4-bit quantization | F8: Configure adapter rank/alpha; estimate trainable params | G8: When does QLoRA beat full fine-tuning? | H8: Note memory and quality tradeoffs | I8: Not started | J8: Not started | K8: Not started | L8: Not started | M8: =COUNTIF(I8:L8,"Done")/4 -> 0 | N8: =IF(M8=1,"Completed",IF(M8>0,"In progress","Not started")) -> Not started | O8: 110
A9: 5 | B9: 1 | C9: =Dashboard!$B$5+A9-1 -> 46313 | D9: Optimization and stability | E9: Review AdamW, warmup, gradient clipping, LR schedules | F9: Plot/inspect LR, grad norm and loss from a sample run | G9: Debug a hypothetical loss spike | H9: Write an experiment checklist | I9: Not started | J9: Not started | K9: Not started | L9: Not started | M9: =COUNTIF(I9:L9,"Done")/4 -> 0 | N9: =IF(M9=1,"Completed",IF(M9>0,"In progress","Not started")) -> Not started | O9: 110
A10: 6 | B10: 1 | C10: =Dashboard!$B$5+A10-1 -> 46314 | D10: Mini SFT experiment | E10: Review learning objectives and evaluation splits | F10: Run or outline small-domain LoRA SFT with baseline | G10: Explain training choices and expected regressions | H10: Record artifacts, config and eval results | I10: Not started | J10: Not started | K10: Not started | L10: Not started | M10: =COUNTIF(I10:L10,"Done")/4 -> 0 | N10: =IF(M10=1,"Completed",IF(M10>0,"In progress","Not started")) -> Not started | O10: 120
A11: 7 | B11: 1 | C11: =Dashboard!$B$5+A11-1 -> 46315 | D11: Week 1 review | E11: Revisit weakest Transformer or SFT concept | F11: Clean training notes and runnable examples | G11: Give a 5-minute Transformer/SFT explanation | H11: Set Week 2 priorities and confidence | I11: Not started | J11: Not started | K11: Not started | L11: Not started | M11: =COUNTIF(I11:L11,"Done")/4 -> 0 | N11: =IF(M11=1,"Completed",IF(M11>0,"In progress","Not started")) -> Not started | O11: 50
A12: 8 | B12: 2 | C12: =Dashboard!$B$5+A12-1 -> 46316 | D12: Domain-corpus audit | E12: Study data licenses, privacy, provenance and coverage | F12: Sample finance corpus; label quality and risk buckets | G12: What makes domain data useful for CPT? | H12: Write a corpus quality rubric | I12: Not started | J12: Not started | K12: Not started | L12: Not started | M12: =COUNTIF(I12:L12,"Done")/4 -> 0 | N12: =IF(M12=1,"Completed",IF(M12>0,"In progress","Not started")) -> Not started | O12: 110
A13: 9 | B13: 2 | C13: =Dashboard!$B$5+A13-1 -> 46317 | D13: Cleaning and leakage | E13: Review deduplication, contamination and train/test splits | F13: Draft a dedup + split + leakage-check pipeline | G13: How do you prevent benchmark leakage? | H13: List safeguards and possible false positives | I13: Not started | J13: Not started | K13: Not started | L13: Not started | M13: =COUNTIF(I13:L13,"Done")/4 -> 0 | N13: =IF(M13=1,"Completed",IF(M13>0,"In progress","Not started")) -> Not started | O13: 110
A14: 10 | B14: 2 | C14: =Dashboard!$B$5+A14-1 -> 46318 | D14: CPT vs SFT vs RAG | E14: Review purpose and cost of each adaptation method | F14: Estimate tokens, steps and compute for an 8B CPT run | G14: When should you skip CPT? | H14: Write a decision matrix with assumptions | I14: Not started | J14: Not started | K14: Not started | L14: Not started | M14: =COUNTIF(I14:L14,"Done")/4 -> 0 | N14: =IF(M14=1,"Completed",IF(M14>0,"In progress","Not started")) -> Not started | O14: 110
A15: 11 | B15: 2 | C15: =Dashboard!$B$5+A15-1 -> 46319 | D15: Instruction data design | E15: Review instruction schemas, diversity and annotation QA | F15: Design 100K-example SFT filtering/splitting plan | G15: How do you prevent templated answers? | H15: List data quality gates | I15: Not started | J15: Not started | K15: Not started | L15: Not started | M15: =COUNTIF(I15:L15,"Done")/4 -> 0 | N15: =IF(M15=1,"Completed",IF(M15>0,"In progress","Not started")) -> Not started | O15: 110
A16: 12 | B16: 2 | C16: =Dashboard!$B$5+A16-1 -> 46320 | D16: Mixing and forgetting | E16: Study general/domain token mixes and forgetting | F16: Design 3-way data-mix ablation with controls | G16: How would you measure loss of general ability? | H16: Choose retention metrics and stop criteria | I16: Not started | J16: Not started | K16: Not started | L16: Not started | M16: =COUNTIF(I16:L16,"Done")/4 -> 0 | N16: =IF(M16=1,"Completed",IF(M16>0,"In progress","Not started")) -> Not started | O16: 110
A17: 13 | B17: 2 | C17: =Dashboard!$B$5+A17-1 -> 46321 | D17: End-to-end pipeline | E17: Review training stages and release/eval gates | F17: Sketch financial LLM: baseline → CPT → SFT → evaluate | G17: Defend stage order under 8×H100 constraints | H17: Create a one-page system design | I17: Not started | J17: Not started | K17: Not started | L17: Not started | M17: =COUNTIF(I17:L17,"Done")/4 -> 0 | N17: =IF(M17=1,"Completed",IF(M17>0,"In progress","Not started")) -> Not started | O17: 120
... A46: 42 | B46: 6 | C46: =Dashboard!$B$5+A46-1 -> 46350 | D46: Final mock and retrospective | E46: Review weakest items on Skill Checklist | F46: Complete mock rubric and update readiness ratings | G46: Run a 30-minute end-to-end technical interview | H46: Set next 2-week improvement plan | I46: Not started | J46: Not started | K46: Not started | L46: Not started | M46: =COUNTIF(I46:L46,"Done")/4 -> 0 | N46: =IF(M46=1,"Completed",IF(M46>0,"In progress","Not started")) -> Not started | O46: 60

Sheet Mock Interview Log
A1: MOCK INTERVIEW • SCORECARD
A3: Score your spoken answers 1–10 across five dimensions • Weighted total updates automatically | D3: Scoring weights → | E3: 0.3 | F3: 0.25 | G3: 0.2 | H3: 0.15 | I3: 0.1
A4: # | B4: DATE | C4: INTERVIEW TYPE | D4: QUESTION / PROMPT | E4: TECHNICAL 30% | F4: DATA / DESIGN 25% | G4: EVALUATION 20% | H4: ENGINEERING 15% | I4: COMMUNICATION 10% | J4: WEIGHTED SCORE /10 | K4: FEEDBACK / GAPS | L4: NEXT ACTION | M4: RETEST DATE
A5: 1 | C5: Domain system design | D5: Design an 8B financial LLM with 20B unlabeled tokens, 100K QA, 8×H100. | J5: =IF(COUNT(E5:I5)<5,"",ROUND(E5*$E$3+F5*$F$3+G5*$G$3+H5*$H$3+I5*$I$3,1))
A6: 2 | C6: Domain adaptation | D6: When do you choose CPT vs SFT vs RAG, and why? | J6: =IF(COUNT(E6:I6)<5,"",ROUND(E6*$E$3+F6*$F$3+G6*$G$3+H6*$H$3+I6*$I$3,1))
A7: 3 | C7: Data pipelines | D7: How do you remove duplicate, low-quality and contaminated samples? | J7: =IF(COUNT(E7:I7)<5,"",ROUND(E7*$E$3+F7*$F$3+G7*$G$3+H7*$H$3+I7*$I$3,1))
A8: 4 | C8: Continued pre-training | D8: Choose data mix, schedule and forgetting guardrails. | J8: =IF(COUNT(E8:I8)<5,"",ROUND(E8*$E$3+F8*$F$3+G8*$G$3+H8*$H$3+I8*$I$3,1))
A9: 5 | C9: SFT debugging | D9: SFT model outputs generic responses; find the root cause. | J9: =IF(COUNT(E9:I9)<5,"",ROUND(E9*$E$3+F9*$F$3+G9*$G$3+H9*$H$3+I9*$I$3,1))
A10: 6 | C10: DPO deep dive | D10: Explain/derive DPO loss, beta and the reference policy. | J10: =IF(COUNT(E10:I10)<5,"",ROUND(E10*$E$3+F10*$F$3+G10*$G$3+H10*$H$3+I10*$I$3,1))
A11: 7 | C11: Alignment comparison | D11: Compare DPO, PPO and GRPO for domain tasks. | J11: =IF(COUNT(E11:I11)<5,"",ROUND(E11*$E$3+F11*$F$3+G11*$G$3+H11*$H$3+I11*$I$3,1))
A12: 8 | C12: Reward modeling | D12: Design reliable preference labels and reward validation. | J12: =IF(COUNT(E12:I12)<5,"",ROUND(E12*$E$3+F12*$F$3+G12*$G$3+H12*$H$3+I12*$I$3,1))
A13: 9 | C13: Training systems | D13: Estimate training memory/throughput and eliminate OOM. | J13: =IF(COUNT(E13:I13)<5,"",ROUND(E13*$E$3+F13*$F$3+G13*$G$3+H13*$H$3+I13*$I$3,1))
A14: 10 | C14: Training stability | D14: Diagnose NaNs and loss spikes after 50K steps. | J14: =IF(COUNT(E14:I14)<5,"",ROUND(E14*$E$3+F14*$F$3+G14*$G$3+H14*$H$3+I14*$I$3,1))
A15: 11 | C15: Evaluation design | D15: Design finance benchmark coverage and leakage controls. | J15: =IF(COUNT(E15:I15)<5,"",ROUND(E15*$E$3+F15*$F$3+G15*$G$3+H15*$H$3+I15*$I$3,1))
A16: 12 | C16: Evaluation regression | D16: Offline eval improves, users report worse answers. | J16: =IF(COUNT(E16:I16)<5,"",ROUND(E16*$E$3+F16*$F$3+G16*$G$3+H16*$H$3+I16*$I$3,1))
... A20: 16 | C20: Final full mock | D20: Build, improve, evaluate and launch a domain model. | J20: =IF(COUNT(E20:I20)<5,"",ROUND(E20*$E$3+F20*$F$3+G20*$G$3+H20*$H$3+I20*$I$3,1))

Sheet Skill Checklist
A1: LLM POST-TRAINING • SKILL CHECKLIST
A3: Self-assess each skill from 0 (not started) to 4 (can teach/defend) • Target ≥3 before interviews
A4: SKILL | B4: CATEGORY | C4: PRIORITY | D4: CONFIDENCE 0–4 | E4: EVIDENCE / ARTIFACT | F4: NEXT ACTION | G4: READINESS
A5: Attention equations + masking | B5: Foundations | C5: High | G5: =IF(D5="","Not rated",IF(D5>=3,"Ready","Practice")) -> Not rated
A6: RoPE, tokenizer, context windows | B6: Foundations | C6: Medium | G6: =IF(D6="","Not rated",IF(D6>=3,"Ready","Practice")) -> Not rated
A7: Causal LM loss and SFT masking | B7: Foundations | C7: High | G7: =IF(D7="","Not rated",IF(D7>=3,"Ready","Practice")) -> Not rated
A8: LoRA / QLoRA design | B8: Post-training | C8: High | G8: =IF(D8="","Not rated",IF(D8>=3,"Ready","Practice")) -> Not rated
A9: AdamW, schedulers, gradient stability | B9: Training systems | C9: High | G9: =IF(D9="","Not rated",IF(D9>=3,"Ready","Practice")) -> Not rated
A10: Corpus quality / rights / privacy | B10: Domain adaptation | C10: High | G10: =IF(D10="","Not rated",IF(D10>=3,"Ready","Practice")) -> Not rated
A11: Dedup, leakage, contamination | B11: Domain adaptation | C11: High | G11: =IF(D11="","Not rated",IF(D11>=3,"Ready","Practice")) -> Not rated
A12: CPT vs SFT vs RAG decision | B12: Domain adaptation | C12: High | G12: =IF(D12="","Not rated",IF(D12>=3,"Ready","Practice")) -> Not rated
A13: Instruction data quality and mixtures | B13: Domain adaptation | C13: High | G13: =IF(D13="","Not rated",IF(D13>=3,"Ready","Practice")) -> Not rated
A14: Catastrophic forgetting controls | B14: Domain adaptation | C14: High | G14: =IF(D14="","Not rated",IF(D14>=3,"Ready","Practice")) -> Not rated
A15: DPO objective and reference model | B15: Post-training | C15: High | G15: =IF(D15="","Not rated",IF(D15>=3,"Ready","Practice")) -> Not rated
A16: Preference data design | B16: Post-training | C16: High | G16: =IF(D16="","Not rated",IF(D16>=3,"Ready","Practice")) -> Not rated
... A32: Rewards / credit assignment / reward hacking | B32: Agentic extension | C32: Medium | G32: =IF(D32="","Not rated",IF(D32>=3,"Ready","Practice")) -> Not rated
